customer_id,full_name,email,phone,region_id,segment_id,signup_date,gender,created_at,updated_at
72,Hazem Ali,hazem.ali66@hotmail.com,01265766169,16,1,9/25/2022,male,2/13/2025 0:00,41:05.8
438,Salma Shaker,salma.shaker@gmail.com,01571324136,2,1,10/3/2022,female,10/25/2025 0:00,41:05.8
391,Fadi Mohamed,fadimohamed@hotmail.com,01150744867,1,2,7/12/2021,male,11/9/2023 0:00,41:05.8
210,Reem Fathy,reemfathy@hotmail.com,01166791272,13,2,5/16/2025,female,6/29/2024 0:00,41:05.8
98,Fadi Tawfik,faditawfik@yahoo.com,01165541117,11,1,6/21/2024,male,8/30/2024 0:00,41:05.8
274,Shahd El-Sayed,shahdelsayed@yahoo.com,01117188130,4,1,2/17/2022,female,8/3/2024 0:00,41:05.8
130,Amr Fathy,amr.fathy33@hotmail.com,01057928328,,1,11/13/2023,male,9/14/2022 0:00,41:05.8
2,Hussein Mostafa,hussein.mostafa@gmail.com,01539587039,15,1,1/27/2020,male,10/15/2021 0:00,41:05.8
6,Shahd Gaber,shahd.gaber69@yahoo.com,01131931511,15,1,6/18/2022,female,8/21/2023 0:00,41:05.8
169,Nada Khalil,nadakhalil@gmail.com,01286206305,7,1,7/18/2024,female,10/17/2024 0:00,41:05.8
273,Khaled Khalil,khaled.khalil@gmail.com,01531596235,3,1,1/16/2021,male,10/16/2023 0:00,41:05.8
41,Malak Mansour,malakmansour@outlook.com,01173709724,15,1,10/9/2022,female,2/9/2023 0:00,41:05.8
435,,mahmoud.gaber18@outlook.com,01597183615,12,1,5/6/2024,male,7/5/2025 0:00,41:05.8
445,Adel Khalil,adel.khalil@outlook.com,01541927492,,1,5/2/2025,male,2/1/2025 0:00,41:05.8
124,Ibrahim Mohamed,ibrahim.mohamed58@hotmail.com,01168716573,3,1,6/28/2022,male,1/21/2025 0:00,41:05.8
229,Dalia El-Masry,daliaelmasry@gmail.com,01218500100,18,1,10/25/2024,female,5/17/2022 0:00,41:05.8
128,Karim Rizk,karim.rizk@outlook.com,01590092958,18,2,10/11/2025,male,9/17/2022 0:00,41:05.8
318,Mariam Fathy,mariamfathy@gmail.com,01514809280,18,1,1/7/2021,female,6/1/2023 0:00,41:05.8
201,Tarek Abdallah,tarek.abdallah24@outlook.com,01521501669,10,1,10/28/2020,male,12/2/2020 0:00,41:05.8
275,Reem Abdel-Rahman,reemabdelrahman@gmail.com,01530614492,2,1,10/17/2024,female,12/24/2020 0:00,41:05.8
170,Sara Naguib,saranaguib@yahoo.com,01243292316,1,1,8/22/2022,female,1/3/2025 0:00,41:05.8
293,Hossam Mohamed,hossammohamed@hotmail.com,01245050544,10,1,10/19/2025,male,9/11/2022 0:00,41:05.8
488,Rania Khalil,rania.khalil84@hotmail.com,01571888947,8,1,3/9/2022,female,10/30/2025 0:00,41:05.8
336,Eman Soliman,eman.soliman38@gmail.com,01152991650,17,2,1/28/2021,female,11/16/2021 0:00,41:05.8
310,Nada Mostafa,nadamostafa@hotmail.com,01023396125,6,1,4/5/2023,female,1/15/2024 0:00,41:05.8
232,Bassem Khalil,bassem.khalil@hotmail.com,01299188862,6,2,6/5/2023,male,8/17/2022 0:00,41:05.8
327,Nagla Saleh,naglasaleh@gmail.com,01117122263,2,1,10/21/2021,female,3/19/2023 0:00,41:05.8
404,Hossam Tawfik,hossam.tawfik70@hotmail.com,01535471281,6,1,8/18/2023,male,4/2/2025 0:00,41:05.8
13,Mahmoud El-Din,mahmoudeldin@gmail.com,01081498611,5,1,4/30/2025,male,11/7/2021 0:00,41:05.8
207,Amr El-Masry,amrelmasry@outlook.com,01267796330,5,1,4/2/2022,male,5/16/2025 0:00,41:05.8
436,Aya Ahmed,aya.ahmed@gmail.com,01265437830,8,1,4/10/2022,female,4/17/2022 0:00,41:05.8
453,Samy Abdel-Rahman,samyabdelrahman@gmail.com,01210822924,4,1,10/30/2023,male,6/10/2024 0:00,41:05.8
245,Rania Soliman,raniasoliman@gmail.com,01217440911,16,1,11/14/2021,female,2/15/2024 0:00,41:05.8
257,Youssef Mansour,youssef.mansour@yahoo.com,01039835008,5,1,6/28/2024,male,3/4/2024 0:00,41:05.8
35,Sara Gaber,sara.gaber@hotmail.com,01278064830,10,1,8/29/2023,female,7/6/2024 0:00,41:05.8
47,Mostafa Naguib,mostafanaguib@outlook.com,01547346970,14,1,12/1/2020,male,4/10/2025 0:00,41:05.8
439,Jana Hassan,janahassan@gmail.com,01563424009,10,1,3/17/2023,female,3/4/2025 0:00,41:05.8
477,Sherif Soliman,sherifsoliman@outlook.com,01134936450,14,1,8/2/2025,male,8/27/2022 0:00,41:05.8
134,Mariam Farouk,mariamfarouk@outlook.com,01555504725,6,1,7/30/2025,female,2/13/2024 0:00,41:05.8
486,Dalia Zaki,dalia.zaki49@yahoo.com,01573698335,9,1,11/15/2024,female,2/18/2020 0:00,41:05.8
289,Tarek Fathy,tarek.fathy61@yahoo.com,01256204319,6,1,11/25/2022,male,1/5/2021 0:00,41:05.8
126,Ziad Tawfik,ziad.tawfik@yahoo.com,01273411827,5,1,4/5/2025,male,1/11/2025 0:00,41:05.8
283,Fadi Abdel-Rahman,fadiabdelrahman@hotmail.com,01597884113,16,1,4/21/2025,male,6/2/2020 0:00,41:05.8
174,Eman Tawfik,eman.tawfik8@gmail.com,01186866717,18,1,9/5/2023,female,11/1/2025 0:00,41:05.8
320,Mariam Ibrahim,mariamibrahim@yahoo.com,01295048563,10,1,3/11/2024,female,3/11/2021 0:00,41:05.8
80,Noha Saleh,noha.saleh73@outlook.com,01132814819,6,2,4/15/2024,female,9/13/2022 0:00,41:05.8
209,Mariam El-Din,mariam.eldin88@yahoo.com,01071957885,7,1,4/8/2023,female,10/10/2020 0:00,41:05.8
185,Walid Saleh,walid.saleh@yahoo.com,01237291394,11,1,1/16/2025,male,2/28/2024 0:00,41:05.8
405,Sherine Shaker,sherine.shaker9@yahoo.com,01170315326,10,1,2/12/2024,female,2/2/2025 0:00,41:05.8
296,Sherine Ahmed,sherine.ahmed@yahoo.com,01527172371,9,1,1/19/2022,female,10/6/2023 0:00,41:05.8
301,Dalia Naguib,@nodomain.com,01053246714,17,1,1/17/2020,female,10/16/2022 0:00,41:05.8
271,Mostafa Mahmoud,mostafamahmoud@gmail.com,01010171954,2,1,9/14/2024,male,11/12/2021 0:00,41:05.8
16,Wael Hassan,wael.hassan@gmail.com,01299788677,16,1,6/25/2021,male,4/20/2025 0:00,41:05.8
437,Hassan Mansour,hassanmansour@outlook.com,01543122766,14,1,6/20/2020,male,4/7/2024 0:00,41:05.8
448,Ramy Abdel-Rahman,ramy.abdelrahman59@yahoo.com,01214810369,3,1,8/15/2023,male,2/18/2024 0:00,41:05.8
369,Hassan Mohamed,hassan.mohamed46@outlook.com,01564418707,7,1,10/8/2020,male,1/4/2021 0:00,41:05.8
222,Heba Gaber,heba.gaber@outlook.com,01085886408,1,1,6/22/2022,female,4/11/2023 0:00,41:05.8
440,Karim Abdel-Rahman,karim.abdelrahman89@gmail.com,01172220513,15,2,8/12/2025,male,4/8/2021 0:00,41:05.8
154,Sara Naguib,sara.naguib80@hotmail.com,01027268907,4,1,10/20/2023,female,2/6/2024 0:00,41:05.8
441,Nabil El-Din,nabileldin@yahoo.com,01270516875,1,1,4/7/2022,male,2/5/2025 0:00,41:05.8
350,Amr Farouk,amr.farouk79@yahoo.com,01179006257,5,1,1/3/2022,male,8/21/2021 0:00,41:05.8
12,Tarek Ahmed,tarekahmed@gmail.com,01512614124,4,1,6/13/2023,male,9/7/2022 0:00,41:05.8
461,Nada Mahmoud,nadamahmoud@yahoo.com,01269205536,4,1,10/7/2021,female,1/25/2023 0:00,41:05.8
307,Farida Shaker,farida.shaker14@outlook.com,01047944260,4,1,7/31/2025,female,3/24/2022 0:00,41:05.8
156,Khaled Shaker,khaled.shaker79@outlook.com,01289688374,11,1,9/18/2025,male,12/20/2025 0:00,41:05.8
133,Abeer Abdel-Rahman,abeer.abdelrahman@outlook.com,01148401154,12,1,7/14/2020,female,9/21/2023 0:00,41:05.8
78,Laila Rizk,laila.rizk@outlook.com,01041510328,10,1,1/5/2021,female,11/12/2024 0:00,41:05.8
194,Ahmed Soliman,ahmed.soliman3@hotmail.com,01534060788,4,1,11/17/2025,male,9/1/2021 0:00,41:05.8
434,Amira Zaki,amira.zaki@hotmail.com,01027655789,6,2,12/29/2022,female,8/3/2022 0:00,41:05.8
131,Nabil El-Din,nabil.eldin@hotmail.com,01283284724,11,1,12/18/2021,male,3/18/2025 0:00,41:05.8
162,Dalia Farouk,dalia.farouk@hotmail.com,01562953249,12,1,8/22/2021,female,4/4/2023 0:00,41:05.8
221,Hossam Abdel-Rahman,hossam.abdelrahman58@hotmail.com,01058189421,1,1,3/10/2022,male,4/21/2024 0:00,41:05.8
414,Noha Mansour,noha.mansour1@outlook.com,01048182550,1,1,5/21/2023,female,1/27/2020 0:00,41:05.8
262,Samar Fathy,samarfathy@hotmail.com,01113498112,11,1,4/30/2020,female,2/24/2023 0:00,41:05.8
454,Ziad Ahmed,ziadahmed@hotmail.com,01514772547,5,1,3/1/2025,male,10/4/2023 0:00,41:05.8
180,Aya Khalil,aya.khalil5@gmail.com,01592533595,1,1,10/2/2020,female,2/17/2021 0:00,41:05.8
370,Jana Abdallah,janaabdallah@hotmail.com,01191384718,7,1,7/12/2024,female,1/20/2020 0:00,41:05.8
248,Essam Farouk,essam.farouk@gmail.com,01063811222,3,1,3/2/2023,male,6/26/2023 0:00,41:05.8
40,Dina Ahmed,dina.ahmed7@outlook.com,01126288475,15,1,3/18/2025,female,12/15/2025 0:00,41:05.8
275,Reem Abdel-Rahman,reemabdelrahman@gmail.com,01530614492,2,1,10/17/2024,female,12/24/2020 0:00,41:05.8
442,Mostafa El-Masry,mostafa.elmasry92@yahoo.com,01022239481,4,1,1/26/2024,male,12/15/2020 0:00,41:05.8
39,Farida Mohamed,farida.mohamed92@yahoo.com,01576354180,13,1,1/23/2020,female,3/12/2021 0:00,41:05.8
476,Omar Rizk,omar.rizk@outlook.com,01196200382,,1,2/10/2025,male,10/9/2024 0:00,41:05.8
367,Ashraf Naguib,ashraf.naguib79@outlook.com,01290191410,2,1,12/18/2021,male,7/17/2025 0:00,41:05.8
153,Bassem Ibrahim,bassemibrahim@hotmail.com,01559115280,2,1,3/8/2022,male,1/24/2024 0:00,41:05.8
68,Hossam Farouk,hossam.farouk@hotmail.com,01154265498,14,1,3/26/2023,male,6/28/2024 0:00,41:05.8
230,Rania El-Masry,rania.elmasry71@hotmail.com,01185986307,16,1,7/17/2020,female,7/7/2020 0:00,41:05.8
474,Bassem Abdel-Rahman,bassem.abdelrahman56@yahoo.com,01593914843,11,1,7/21/2024,male,4/11/2024 0:00,41:05.8
63,Reem Mohamed,reem.mohamed@yahoo.com,01110359129,14,1,4/8/2025,female,4/7/2023 0:00,41:05.8
332,Amira Tawfik,amiratawfik@gmail.com,01093935292,10,1,1/6/2024,female,10/25/2020 0:00,41:05.8
97,Khaled Shaker,khaled.shaker36@yahoo.com,01261124122,17,1,9/1/2025,male,10/28/2024 0:00,41:05.8
84,Malak Mostafa,malak.mostafa29@hotmail.com,01193334601,9,1,7/14/2021,female,2/1/2021 0:00,41:05.8
44,Salma El-Din,salma.eldin98@gmail.com,01574019136,1,1,5/8/2023,female,5/16/2024 0:00,41:05.8
140,Abeer Abdallah,abeerabdallah@hotmail.com,01192124765,10,1,7/4/2025,female,3/30/2022 0:00,41:05.8
267,Sara Farouk,sara.farouk@outlook.com,01250502233,11,1,10/7/2021,female,11/24/2024 0:00,41:05.8
43,Mahmoud Naguib,mahmoudnaguib@yahoo.com,01554410148,18,1,9/12/2020,male,4/27/2022 0:00,41:05.8
240,Nabil Fathy,nabil.fathy3@gmail.com,01011851322,9,1,9/4/2020,male,6/18/2024 0:00,41:05.8
145,Nabil Ali,nabil.ali16@gmail.com,01150818905,6,1,7/12/2022,male,11/18/2023 0:00,41:05.8
254,Nabil El-Din,nabileldin@gmail.com,01552148834,14,1,1/7/2024,male,4/30/2022 0:00,41:05.8
287,Omar Abdel-Rahman,omar.abdelrahman18@outlook.com,01033318633,7,1,4/2/2022,male,8/24/2020 0:00,41:05.8
200,Nour Ibrahim,nour.ibrahim44@gmail.com,01553805532,1,1,1/19/2025,female,7/2/2025 0:00,41:05.8
25,Yasmin Mansour,yasmin.mansour79@hotmail.com,01099639081,18,1,2/28/2021,female,7/4/2021 0:00,41:05.8
115,Khaled Shaker,khaledshaker@yahoo.com,01056095437,3,1,12/7/2021,male,6/9/2020 0:00,41:05.8
164,Youssef Shaker,youssef.shaker@yahoo.com,01195623471,8,2,8/19/2024,male,9/14/2023 0:00,41:05.8
489,Reem Tawfik,reem.tawfik@hotmail.com,01019120357,1,1,11/21/2025,female,3/1/2021 0:00,41:05.8
138,Omar Mostafa,omarmostafa@hotmail.com,01091214453,5,1,2/28/2024,male,3/3/2024 0:00,41:05.8
290,Fatma Naguib,missing@domain,01137746963,9,1,10/3/2025,female,3/23/2020 0:00,41:05.8
265,Ziad Fathy,ziad.fathy@yahoo.com,01017538738,8,1,3/22/2020,male,11/26/2025 0:00,41:05.8
395,Shahd Shaker,shahd.shaker@hotmail.com,01081802559,1,1,2/22/2021,female,3/1/2023 0:00,41:05.8
463,Omar Abdel-Rahman,omarabdelrahman@hotmail.com,01027458237,1,1,7/25/2020,male,3/9/2021 0:00,41:05.8
443,Jana Soliman,jana.soliman49@yahoo.com,01515892974,6,1,9/6/2021,female,10/26/2021 0:00,41:05.8
196,Reem Mohamed,reemmohamed@gmail.com,01560622842,18,1,2/8/2020,female,12/2/2021 0:00,41:05.8
281,Sara Gaber,saragaber@yahoo.com,01218994192,3,1,6/15/2024,female,8/28/2023 0:00,41:05.8
160,Ayman Mahmoud,aymanmahmoud@outlook.com,01233244151,15,1,11/3/2023,male,12/22/2023 0:00,41:05.8
315,Samy Gaber,samygaber@yahoo.com,01068095862,8,1,4/25/2024,male,8/31/2021 0:00,41:05.8
263,Fadi Fathy,fadi.fathy@yahoo.com,01198162850,8,1,8/17/2020,male,6/17/2022 0:00,41:05.8
282,Eman Mansour,eman.mansour90@gmail.com,01525102023,14,1,2/14/2021,female,3/8/2021 0:00,41:05.8
495,,hazem.rizk@outlook.com,01262523472,1,1,7/2/2025,male,5/12/2025 0:00,41:05.8
342,Mohamed El-Sayed,mohamed.elsayed69@outlook.com,01050894954,7,1,11/9/2023,male,5/17/2022 0:00,41:05.8
112,Nabil Rizk,nabil.rizk88@outlook.com,01294183695,11,1,10/6/2020,male,4/4/2025 0:00,41:05.8
361,Dina Fathy,dina.fathy45@outlook.com,01067108220,5,1,8/10/2022,female,12/9/2020 0:00,41:05.8
64,Mahmoud Abdel-Rahman,mahmoud.abdelrahman10@outlook.com,01145507920,7,1,7/9/2022,male,9/2/2021 0:00,41:05.8
253,Mahmoud Abdel-Rahman,mahmoud.abdelrahman51@hotmail.com,01252688984,15,1,11/1/2020,male,4/10/2022 0:00,41:05.8
408,Ziad Ali,ziad.ali@gmail.com,01535718350,4,2,5/10/2024,male,6/29/2025 0:00,41:05.8
374,Sara Naguib,sara.naguib10@hotmail.com,01173962190,11,1,1/7/2023,female,1/18/2022 0:00,41:05.8
323,Hossam El-Sayed,hossamelsayed@gmail.com,01578227286,6,1,12/12/2021,male,6/9/2021 0:00,41:05.8
246,Mostafa Ibrahim,mostafa.ibrahim30@gmail.com,01015910667,1,1,4/16/2025,male,1/30/2024 0:00,41:05.8
311,Heba Zaki,heba.zaki@gmail.com,01154112109,12,1,1/3/2023,female,1/15/2021 0:00,41:05.8
393,Karim Abdallah,karim.abdallah21@yahoo.com,01560782359,8,1,9/25/2024,male,9/8/2022 0:00,41:05.8
403,Dina El-Masry,dina.elmasry57@hotmail.com,01112865928,13,1,7/5/2021,female,10/23/2022 0:00,41:05.8
387,Ramy Khalil,ramy.khalil@gmail.com,01523825676,4,2,4/22/2025,male,8/8/2020 0:00,41:05.8
101,Farida Abdel-Rahman,farida.abdelrahman20@yahoo.com,01540097636,4,1,2/14/2024,female,4/15/2021 0:00,41:05.8
189,Fadi Zaki,fadizaki@hotmail.com,01265556767,2,1,6/25/2022,male,8/20/2021 0:00,41:05.8
261,Mostafa Naguib,mostafa.naguib83@yahoo.com,01194658420,18,1,4/15/2024,male,1/10/2024 0:00,41:05.8
226,Fadi Hassan,fadi.hassan77@hotmail.com,01153440052,10,1,12/31/2022,male,10/8/2025 0:00,41:05.8
376,Youssef Mohamed,youssef.mohamed@outlook.com,01074732147,12,1,7/9/2025,male,1/30/2023 0:00,41:05.8
151,Bassem Ahmed,bassem.ahmed@hotmail.com,01579085198,15,1,6/17/2023,male,7/30/2025 0:00,41:05.8
319,Hazem Gaber,hazem.gaber@hotmail.com,01170996586,11,1,4/21/2025,male,1/28/2024 0:00,41:05.8
266,Fatma El-Masry,fatmaelmasry@yahoo.com,01153431355,2,2,8/3/2021,female,3/30/2021 0:00,41:05.8
309,,laila.mostafa74@gmail.com,01530017834,3,1,11/3/2020,female,2/18/2021 0:00,41:05.8
366,Nada El-Sayed,nada.elsayed61@yahoo.com,01521830043,3,1,2/27/2024,female,11/23/2020 0:00,41:05.8
137,Nada Hassan,nada.hassan47@outlook.com,01114179623,5,1,11/29/2024,female,5/22/2020 0:00,41:05.8
496,Salma Zaki,salma.zaki@gmail.com,01061596498,16,1,1/1/2026,female,1/10/2024 0:00,41:05.8
32,Ramy Mahmoud,ramymahmoud@hotmail.com,01296098221,17,1,9/18/2023,male,4/23/2020 0:00,41:05.8
135,Hoda Mohamed,hoda.mohamed56@gmail.com,01183212334,10,1,11/23/2020,female,9/5/2023 0:00,41:05.8
385,Heba Rizk,heba.rizk@outlook.com,01156120632,8,1,4/8/2023,female,12/31/2022 0:00,41:05.8
433,Walid Abdallah,walidabdallah@gmail.com,01113957187,11,1,8/22/2024,male,8/11/2024 0:00,41:05.8
312,Nevine El-Masry,nevineelmasry@outlook.com,01261769856,16,1,11/14/2021,female,4/8/2021 0:00,41:05.8
447,Ali Hassan,ali.hassan@gmail.com,01254440977,3,2,9/3/2024,male,12/31/2021 0:00,41:05.8
96,Amira Rizk,amirarizk@gmail.com,01524490391,16,1,12/21/2024,female,10/28/2020 0:00,41:05.8
457,Shahd Hassan,shahd.hassan@gmail.com,01270653840,10,1,5/23/2023,female,12/17/2021 0:00,41:05.8
182,Ayman Abdel-Rahman,ayman.abdelrahman74@hotmail.com,01241796721,10,1,11/5/2025,male,6/24/2022 0:00,41:05.8
455,Hoda Saleh,hodasaleh@gmail.com,01284514623,18,2,9/20/2023,female,12/19/2023 0:00,41:05.8
109,Mariam Naguib,mariamnaguib@yahoo.com,,14,1,9/23/2022,female,11/19/2024 0:00,41:05.8
462,Ahmed Shaker,ahmed.shaker27@gmail.com,01283734610,11,1,3/6/2023,male,9/29/2022 0:00,41:05.8
430,Ayman Khalil,ayman.khalil@hotmail.com,01240277197,5,1,5/28/2024,male,7/16/2021 0:00,41:05.8
340,Tarek Soliman,tarek.soliman@hotmail.com,01268743898,13,1,5/6/2020,male,4/25/2025 0:00,41:05.8
83,Mahmoud Naguib,mahmoudnaguib@hotmail.com,01098346110,13,1,7/19/2020,male,7/27/2025 0:00,41:05.8
363,Samy El-Masry,samyelmasry@gmail.com,01245071480,18,1,2/6/2024,male,2/2/2023 0:00,41:05.8
191,Rania Fathy,rania.fathy@outlook.com,01232718459,5,1,6/23/2025,female,1/23/2022 0:00,41:05.8
149,Heba Fathy,heba.fathy@hotmail.com,01252857920,12,1,6/19/2021,female,2/26/2024 0:00,41:05.8
424,Aya Zaki,aya.zaki@gmail.com,01193349536,5,1,3/24/2023,female,2/26/2020 0:00,41:05.8
30,Bassem Ahmed,bassem.ahmed@yahoo.com,01154585178,14,1,10/13/2022,male,12/28/2022 0:00,41:05.8
197,Hossam Saleh,hossam.saleh@hotmail.com,01040838737,7,1,5/1/2025,male,1/15/2023 0:00,41:05.8
288,Mohamed Mansour,mohamed.mansour@hotmail.com,01259439358,15,1,5/22/2021,male,5/5/2020 0:00,41:05.8
352,Salma Fathy,salma.fathy6@gmail.com,01223854626,17,1,1/25/2023,female,12/14/2022 0:00,41:05.8
217,Salma El-Sayed,salma.elsayed36@yahoo.com,01087490324,4,1,2/4/2022,female,2/7/2024 0:00,41:05.8
53,Amira Saleh,amira.saleh@hotmail.com,01047437115,15,1,3/18/2025,female,4/1/2024 0:00,41:05.8
171,Laila Abdel-Rahman,laila.abdelrahman34@gmail.com,01241715995,2,1,3/21/2025,female,6/10/2023 0:00,41:05.8
258,Essam El-Din,essam.eldin@gmail.com,01196702893,15,1,1/11/2021,male,9/20/2023 0:00,41:05.8
294,Fadi Shaker,fadi.shaker@hotmail.com,01097966375,16,1,11/28/2022,male,9/10/2024 0:00,41:05.8
485,Hussein El-Din,hussein.eldin7@hotmail.com,01225568500,2,1,6/21/2024,male,5/4/2025 0:00,41:05.8
279,Walid Hassan,walid.hassan69@outlook.com,01586868410,8,1,11/19/2020,male,6/5/2024 0:00,41:05.8
175,Mariam Gaber,mariam.gaber12@outlook.com,01517467311,15,1,8/28/2024,female,2/14/2025 0:00,41:05.8
195,Hussein Shaker,husseinshaker@hotmail.com,01060070135,13,1,9/23/2022,male,7/14/2022 0:00,41:05.8
11,Fatma Zaki,fatma.zaki@hotmail.com,01093926371,10,1,9/10/2025,female,3/25/2022 0:00,41:05.8
259,Mohamed Mansour,mohamedmansour@outlook.com,01513957046,13,1,12/8/2021,male,12/20/2023 0:00,41:05.8
120,Ali Ali,ali.ali65@gmail.com,01098842638,11,1,6/20/2021,male,3/23/2024 0:00,41:05.8
183,Mona Khalil,mona.khalil81@yahoo.com,01584605013,16,2,11/11/2023,female,4/10/2024 0:00,41:05.8
204,Tarek Abdallah,tarek.abdallah@hotmail.com,01265540647,13,1,9/21/2022,male,11/4/2025 0:00,41:05.8
29,Mohamed Abdel-Rahman,mohamed.abdelrahman@gmail.com,01199514287,4,1,7/22/2024,male,9/25/2021 0:00,41:05.8
14,Eman Shaker,eman.shaker70@yahoo.com,01151837852,13,1,3/9/2024,female,11/29/2024 0:00,41:05.8
94,Hoda Ahmed,hoda.ahmed@gmail.com,01241934639,11,2,12/22/2022,female,8/2/2020 0:00,41:05.8
466,Mahmoud Ali,mahmoudali@hotmail.com,01199279031,11,1,8/23/2023,male,1/30/2025 0:00,41:05.8
132,Nada Ahmed,nadaahmed@gmail.com,01049385195,7,2,3/28/2022,female,6/20/2020 0:00,41:05.8
390,Samy Abdallah,samy.abdallah81@outlook.com,01580257585,18,1,11/23/2023,male,5/26/2025 0:00,41:05.8
389,Nada Ali,nada.ali@yahoo.com,01253647781,16,1,1/20/2023,female,12/27/2024 0:00,41:05.8
159,Hussein El-Sayed,husseinelsayed@outlook.com,01165079923,17,1,4/15/2025,male,9/12/2020 0:00,41:05.8
372,Mai Fathy,mai.fathy59@hotmail.com,01588762521,1,1,11/22/2022,female,10/3/2020 0:00,41:05.8
285,Khaled Abdel-Rahman,khaled.abdelrahman90@outlook.com,01040595926,5,1,12/19/2024,male,8/7/2023 0:00,41:05.8
343,Nagla Rizk,nagla.rizk@yahoo.com,01192796892,9,1,1/12/2022,female,8/10/2020 0:00,41:05.8
148,Farida Rizk,farida.rizk@hotmail.com,abc12345,15,2,9/2/2020,female,10/9/2021 0:00,41:05.8
299,Hussein El-Masry,husseinelmasry@outlook.com,01120846331,16,1,12/25/2021,male,7/7/2023 0:00,41:05.8
157,Shahd El-Din,shahdeldin@gmail.com,01065907088,10,1,4/19/2020,female,4/27/2025 0:00,41:05.8
252,Shahd Farouk,shahd.farouk@gmail.com,01195525640,13,2,9/12/2020,female,11/16/2024 0:00,41:05.8
291,Hossam Ali,hossamali@gmail.com,01296267144,9,1,3/22/2024,male,11/29/2023 0:00,41:05.8
452,,ahmedibrahim@yahoo.com,01516105858,11,1,5/19/2022,male,2/16/2020 0:00,41:05.8
451,Abeer Ali,abeer.ali67@outlook.com,01576102828,6,1,8/11/2022,female,4/4/2023 0:00,41:05.8
236,Jana Mahmoud,jana.mahmoud53@yahoo.com,01539158087,3,1,7/27/2021,female,5/19/2021 0:00,41:05.8
422,Mahmoud Mohamed,mahmoud.mohamed42@outlook.com,01025103503,14,1,11/27/2023,male,2/19/2022 0:00,41:05.8
136,Mona Mansour,mona.mansour22@outlook.com,01557183837,15,2,12/15/2023,female,11/16/2024 0:00,41:05.8
86,Nevine Ahmed,nevine.ahmed38@outlook.com,01225457816,15,1,7/30/2021,female,7/13/2022 0:00,41:05.8
177,Noha Tawfik,nohatawfik@gmail.com,01048532662,14,1,7/8/2021,female,9/17/2024 0:00,41:05.8
379,Khaled Farouk,khaled.farouk24@hotmail.com,01241828278,9,1,11/6/2023,male,2/7/2024 0:00,41:05.8
120,Ali Ali,ali.ali65@gmail.com,01098842638,11,1,6/20/2021,male,3/23/2024 0:00,41:05.8
341,Walid Mostafa,walidmostafa@outlook.com,01150004466,12,1,2/15/2020,male,8/2/2021 0:00,41:05.8
1,Ahmed Zaki,ahmed.zaki18@yahoo.com,01083197857,3,1,5/10/2020,male,5/2/2020 0:00,41:05.8
163,Ibrahim Tawfik,ibrahimtawfik@outlook.com,01538720823,7,1,1/15/2023,male,1/17/2023 0:00,41:05.8
216,Amira Mostafa,amira.mostafa24@yahoo.com,01563094168,1,1,3/19/2022,female,1/15/2025 0:00,41:05.8
467,Fatma Mohamed,fatmamohamed@hotmail.com,01147883942,12,1,6/5/2021,female,9/11/2025 0:00,41:05.8
161,Farida Fathy,farida.fathy36@yahoo.com,01240181142,10,1,4/29/2022,female,6/25/2025 0:00,41:05.8
95,Ashraf Saleh,ashrafsaleh@gmail.com,01278885632,4,1,6/26/2022,male,6/26/2020 0:00,41:05.8
203,Malak Khalil,malakkhalil@gmail.com,01584757265,18,1,2/27/2021,female,4/17/2020 0:00,41:05.8
48,Ashraf Abdallah,ashraf.abdallah29@hotmail.com,01097477029,2,1,10/9/2022,male,3/27/2022 0:00,41:05.8
432,Hussein Rizk,husseinrizk@yahoo.com,01167722252,5,1,10/9/2021,male,7/24/2023 0:00,41:05.8
227,Ali Saleh,ali.saleh@hotmail.com,01143511112,5,1,10/10/2022,male,5/27/2024 0:00,41:05.8
36,Samar Ali,samar.ali87@outlook.com,01192613013,10,1,1/2/2020,female,5/29/2023 0:00,41:05.8
198,Hany Mohamed,hany.mohamed70@hotmail.com,01034072553,11,2,4/28/2022,male,8/13/2021 0:00,41:05.8
119,Hazem Gaber,hazemgaber@hotmail.com,01234194479,7,1,6/14/2025,male,2/25/2022 0:00,41:05.8
386,Rania Mansour,rania.mansour96@hotmail.com,01565564671,6,1,4/4/2020,female,5/27/2021 0:00,41:05.8
7,Mahmoud Hassan,mahmoud.hassan@outlook.com,01186125617,11,1,8/6/2025,male,6/8/2024 0:00,41:05.8
150,Khaled Mostafa,khaled.mostafa@hotmail.com,01122993840,2,1,4/22/2024,male,9/8/2024 0:00,41:05.8
353,Amr Rizk,amrrizk@gmail.com,01539917031,17,1,11/14/2023,male,6/17/2025 0:00,41:05.8
147,Ramy Shaker,ramy.shaker@hotmail.com,01020901547,2,1,12/20/2022,male,5/13/2022 0:00,41:05.8
270,Aya El-Masry,ayaelmasry@yahoo.com,01195387542,3,1,10/7/2023,female,1/3/2025 0:00,41:05.8
456,Ali Khalil,ali.khalil49@hotmail.com,01186635858,13,1,4/23/2021,male,6/16/2023 0:00,41:05.8
181,Sherif Shaker,sherif.shaker32@gmail.com,01063991141,15,1,6/8/2022,male,8/19/2020 0:00,41:05.8
420,Mahmoud Saleh,mahmoud.saleh@outlook.com,01221079017,16,1,7/20/2020,male,6/23/2024 0:00,41:05.8
79,Nabil Rizk,nabil.rizk@gmail.com,01213885234,2,1,8/17/2020,male,4/16/2023 0:00,41:05.8
330,Nevine Mostafa,nevine.mostafa97@hotmail.com,01135970823,10,1,11/1/2020,female,2/4/2022 0:00,41:05.8
359,Mahmoud Naguib,mahmoud.naguib@gmail.com,01530073763,4,1,6/8/2020,male,12/16/2025 0:00,41:05.8
5,Nabil Abdel-Rahman,nabilabdelrahman@yahoo.com,01270855700,12,1,12/26/2023,male,5/8/2022 0:00,41:05.8
449,Nevine Mohamed,nevinemohamed@gmail.com,01126377680,9,1,8/21/2024,female,11/18/2025 0:00,41:05.8
166,Mona Rizk,mona.rizk84@gmail.com,01181826922,2,1,12/18/2021,female,9/7/2024 0:00,41:05.8
247,Abeer Ali,abeer.ali71@gmail.com,01540133935,11,1,8/3/2023,female,1/16/2023 0:00,41:05.8
76,Reem Rizk,reem.rizk@outlook.com,01223470708,15,2,2/14/2025,female,3/3/2020 0:00,41:05.8
450,Samy Mahmoud,samy.mahmoud74@gmail.com,01074916146,10,1,7/20/2023,male,11/29/2022 0:00,41:05.8
34,Nagla El-Din,naglaeldin@gmail.com,01079782527,18,1,3/18/2022,female,1/31/2024 0:00,41:05.8
56,Dina Naguib,dina.naguib85@hotmail.com,01273519947,18,1,10/8/2024,female,9/16/2023 0:00,41:05.8
105,Amira Gaber,amiragaber@outlook.com,01178765957,4,1,3/30/2021,female,3/6/2023 0:00,41:05.8
188,Walid El-Masry,walid.elmasry60@outlook.com,01251395738,9,1,7/29/2025,male,3/23/2025 0:00,41:05.8
178,Nagla Naguib,nagla.naguib@outlook.com,01197715861,12,1,5/28/2024,female,12/6/2025 0:00,41:05.8
418,Hany El-Masry,hany.elmasry@outlook.com,01197614538,1,1,4/15/2024,male,8/9/2020 0:00,41:05.8
375,Hossam Zaki,hossam.zaki@yahoo.com,01137214866,8,1,12/29/2023,male,9/30/2021 0:00,41:05.8
297,Mahmoud Farouk,mahmoudfarouk@hotmail.com,01244971668,10,1,4/27/2021,male,4/11/2025 0:00,41:05.8
22,Ayman Mohamed,ayman.mohamed@gmail.com,01164193837,4,1,10/5/2022,male,6/11/2020 0:00,41:05.8
444,Hassan Tawfik,hassan.tawfik40@hotmail.com,01548759467,6,1,6/22/2021,male,4/10/2022 0:00,41:05.8
373,Nada Mostafa,nadamostafa@yahoo.com,01279324022,18,2,12/14/2022,female,10/13/2022 0:00,41:05.8
116,Samy Mansour,samymansour@yahoo.com,01261998170,14,1,8/2/2020,male,10/2/2023 0:00,41:05.8
491,Omar Shaker,omar.shaker15@yahoo.com,01144002147,10,1,11/6/2020,male,1/31/2025 0:00,41:05.8
278,Nour Khalil,nourkhalil@hotmail.com,01030284415,4,2,11/9/2023,female,8/22/2024 0:00,41:05.8
384,Nabil Abdel-Rahman,nabilabdelrahman@outlook.com,01061146483,10,1,8/16/2021,male,11/17/2021 0:00,41:05.8
205,Ramy Naguib,ramynaguib@hotmail.com,01529587040,3,1,2/4/2023,male,9/20/2024 0:00,41:05.8
208,Yasmin Naguib,yasmin.naguib95@hotmail.com,01587293208,8,1,2/22/2023,female,5/28/2024 0:00,41:05.8
397,Noha Mansour,noha.mansour@gmail.com,01117521339,9,1,10/19/2020,female,4/9/2025 0:00,41:05.8
202,Aya Naguib,ayanaguib@yahoo.com,01258412365,4,2,6/16/2023,female,12/26/2024 0:00,41:05.8
218,Hana Mansour,hana.mansour68@outlook.com,01290124068,13,1,4/12/2021,female,11/26/2023 0:00,41:05.8
18,Amr Zaki,amr.zaki@gmail.com,01181979055,15,1,1/21/2022,male,2/14/2023 0:00,41:05.8
241,Nada Tawfik,nada.tawfik55@outlook.com,01521063273,18,1,9/17/2021,female,2/10/2023 0:00,41:05.8
431,Ashraf Naguib,ashraf.naguib@yahoo.com,01167239162,10,1,9/10/2023,male,1/13/2025 0:00,41:05.8
473,Essam El-Sayed,essamelsayed@outlook.com,01059556257,18,1,1/4/2020,male,1/11/2024 0:00,41:05.8
411,Youssef Zaki,youssef.zaki@outlook.com,01186507818,6,1,8/27/2024,male,3/8/2021 0:00,41:05.8
382,Hoda Fathy,hoda.fathy@gmail.com,01118057946,7,1,5/5/2025,female,1/29/2021 0:00,41:05.8
415,Dina Mahmoud,dina.mahmoud99@gmail.com,01284311410,17,1,9/25/2021,female,1/21/2021 0:00,41:05.8
114,Sara Rizk,sara.rizk79@gmail.com,01572104107,18,1,6/17/2020,female,1/16/2025 0:00,41:05.8
349,Samar Abdallah,samarabdallah@yahoo.com,01189134873,10,1,8/14/2025,female,9/21/2025 0:00,41:05.8
168,Amira Rizk,amira.rizk18@outlook.com,01546619573,7,1,9/16/2023,female,10/27/2021 0:00,41:05.8
269,Ashraf El-Sayed,ashraf.elsayed99@outlook.com,01034438599,11,1,6/23/2022,male,3/2/2021 0:00,41:05.8
127,Wael Mohamed,missing@domain,01524923247,10,1,5/14/2021,male,7/14/2020 0:00,41:05.8
220,Tarek Tawfik,tarek.tawfik54@outlook.com,01187149161,13,1,6/16/2025,male,12/10/2021 0:00,41:05.8
494,Hany Mansour,hany.mansour@gmail.com,01086684568,9,1,3/17/2020,male,7/31/2025 0:00,41:05.8
143,Tarek Abdallah,tarek.abdallah@outlook.com,01018824561,10,1,5/14/2025,male,11/23/2025 0:00,41:05.8
237,Noha Saleh,nohasaleh@yahoo.com,01043308414,18,1,3/13/2023,female,4/19/2020 0:00,41:05.8
497,Reem Abdel-Rahman,reem.abdelrahman47@gmail.com,01220798726,15,1,4/2/2023,female,4/11/2022 0:00,41:05.8
308,Nabil Khalil,nabil.khalil46@yahoo.com,01549641367,6,2,7/26/2025,male,4/30/2022 0:00,41:05.8
77,Karim Rizk,karimrizk@gmail.com,01293652460,13,1,9/7/2023,male,12/25/2025 0:00,41:05.8
400,Mostafa Fathy,mostafa.fathy@yahoo.com,01125157001,8,1,8/22/2023,male,3/2/2020 0:00,41:05.8
398,Hussein Khalil,hussein.khalil16@gmail.com,01161646699,15,1,5/17/2020,male,3/26/2022 0:00,41:05.8
45,Samar Zaki,samar.zaki@yahoo.com,01268496914,16,2,10/8/2023,female,7/14/2024 0:00,41:05.8
325,Hoda Ali,hoda.ali90@hotmail.com,01284300459,7,1,4/5/2023,female,11/15/2023 0:00,41:05.8
381,Hoda Mostafa,hoda.mostafa@outlook.com,01173483243,1,1,8/8/2025,female,7/4/2021 0:00,41:05.8
339,Salma Mansour,salma.mansour@outlook.com,01525878730,18,2,9/16/2020,female,7/5/2020 0:00,41:05.8
152,Omar Naguib,omar.naguib28@yahoo.com,01216530784,2,1,4/11/2025,male,3/16/2023 0:00,41:05.8
346,Heba Ahmed,missing@domain,01547135338,12,1,9/20/2023,female,5/19/2025 0:00,41:05.8
176,Walid Mansour,walid.mansour@hotmail.com,01544152669,1,1,10/26/2020,male,7/4/2020 0:00,41:05.8
483,Adel Ahmed,adelahmed@yahoo.com,01233541704,9,1,8/25/2022,male,6/9/2025 0:00,41:05.8
402,Mahmoud Ahmed,mahmoud.ahmed98@hotmail.com,01018022882,12,1,3/15/2021,male,5/30/2021 0:00,41:05.8
302,Samy Farouk,samy.farouk50@gmail.com,01232417070,3,1,5/6/2023,male,4/6/2023 0:00,41:05.8
239,Mariam Mostafa,mariam.mostafa@gmail.com,01252476240,5,1,9/19/2024,female,2/5/2024 0:00,41:05.8
427,Sherif Rizk,sherif.rizk50@gmail.com,01298983888,12,1,3/19/2020,male,4/13/2023 0:00,41:05.8
481,Mohamed Tawfik,mohamed.tawfik94@hotmail.com,01218243352,16,1,7/30/2020,male,4/10/2023 0:00,41:05.8
144,Malak Saleh,malaksaleh@gmail.com,01070394554,15,1,11/12/2023,female,6/9/2021 0:00,41:05.8
31,Fadi Tawfik,fadi.tawfik@gmail.com,01171780854,12,1,7/21/2022,male,7/2/2022 0:00,41:05.8
292,Rania Mahmoud,rania.mahmoud@outlook.com,01078654208,12,1,3/3/2023,female,5/7/2023 0:00,41:05.8
17,Fadi Fathy,fadi.fathy@yahoo.com,01557553014,14,1,8/9/2020,male,2/7/2021 0:00,41:05.8
66,Eman Abdallah,eman.abdallah@gmail.com,01553261270,9,2,7/26/2022,female,3/25/2020 0:00,41:05.8
347,Amira Farouk,amira.farouk@outlook.com,01196644469,3,1,7/27/2021,female,3/15/2022 0:00,41:05.8
468,Amr Tawfik,amr.tawfik72@hotmail.com,01050549608,18,1,8/20/2024,male,9/4/2022 0:00,41:05.8
401,Fadi Khalil,fadi.khalil@outlook.com,01087990837,16,1,9/26/2021,male,3/1/2024 0:00,41:05.8
184,Shahd Saleh,shahd.saleh@hotmail.com,01542342202,8,1,8/14/2021,female,3/11/2025 0:00,41:05.8
364,Malak Mahmoud,malakmahmoud@outlook.com,01544061458,10,1,6/18/2024,female,7/19/2021 0:00,41:05.8
235,Noha Abdel-Rahman,noha.abdelrahman83@yahoo.com,01119182050,17,1,11/3/2021,female,12/7/2024 0:00,41:05.8
70,Farida Fathy,faridafathy@gmail.com,01148658617,15,1,6/8/2025,female,5/12/2021 0:00,41:05.8
192,Ayman Hassan,ayman.hassan@gmail.com,01065350347,5,1,8/5/2022,male,10/5/2020 0:00,41:05.8
199,Abeer Mohamed,abeermohamed@yahoo.com,01261518966,5,1,11/17/2020,female,8/13/2025 0:00,41:05.8
417,Ashraf Mohamed,ashrafmohamed@outlook.com,01089890579,10,2,4/11/2024,male,11/17/2020 0:00,41:05.8
345,Youssef Abdel-Rahman,youssefabdelrahman@yahoo.com,01554069864,10,1,9/16/2021,male,2/1/2024 0:00,41:05.8
111,Wael Farouk,wael.farouk@yahoo.com,01144355473,7,1,9/18/2021,male,11/4/2020 0:00,41:05.8
75,Sherine Mahmoud,sherinemahmoud@yahoo.com,01165133300,2,1,4/21/2025,female,4/10/2024 0:00,41:05.8
224,Samar Hassan,samar.hassan@outlook.com,01523746101,8,1,5/12/2020,female,1/16/2025 0:00,41:05.8
354,Nagla Shaker,,01140868838,3,1,2/24/2023,female,5/16/2022 0:00,41:05.8
337,Hazem Mohamed,hazemmohamed@yahoo.com,01037592422,18,1,11/17/2024,male,10/22/2020 0:00,41:05.8
300,Ahmed Mansour,ahmed.mansour@yahoo.com,01521816709,5,1,10/24/2024,male,7/10/2024 0:00,41:05.8
446,Amira Mohamed,amira.mohamed32@gmail.com,01293183589,18,1,4/30/2022,female,7/19/2020 0:00,41:05.8
38,Eman Gaber,eman.gaber@hotmail.com,01240150759,7,1,7/8/2020,female,9/29/2022 0:00,41:05.8
371,Yasmin Saleh,yasminsaleh@gmail.com,01225704681,17,1,10/21/2022,female,12/18/2024 0:00,41:05.8
425,Shahd Ibrahim,shahdibrahim@outlook.com,01182209870,7,1,11/13/2025,female,11/25/2022 0:00,41:05.8
103,Fatma Ahmed,fatma.ahmed@outlook.com,01022315507,17,1,9/15/2024,female,2/1/2025 0:00,41:05.8
212,Essam Rizk,essamrizk@outlook.com,01524219637,1,2,6/28/2022,male,9/22/2025 0:00,41:05.8
122,Malak Zaki,malak.zaki@yahoo.com,01272950208,7,1,12/9/2024,female,3/6/2025 0:00,41:05.8
51,Sherine Gaber,sherine.gaber@gmail.com,01281503856,14,1,10/9/2020,female,9/3/2025 0:00,41:05.8
117,Khaled Ibrahim,khaledibrahim@outlook.com,01154743095,3,1,8/2/2021,male,12/3/2023 0:00,41:05.8
326,Samy Rizk,samy.rizk65@yahoo.com,01225489430,12,1,9/5/2024,male,12/26/2025 0:00,41:05.8
57,Shahd Mansour,shahd.mansour@hotmail.com,01152352128,4,1,1/28/2022,female,2/23/2022 0:00,41:05.8
118,Nada Tawfik,nada.tawfik77@yahoo.com,01051551377,18,1,9/7/2023,female,6/7/2021 0:00,41:05.8
329,Ayman Tawfik,aymantawfik@gmail.com,01551963706,18,2,10/26/2022,male,4/11/2022 0:00,41:05.8
102,Mai Mostafa,mai.mostafa78@gmail.com,01213886030,6,1,6/19/2023,female,10/23/2023 0:00,41:05.8
383,Jana El-Masry,jana.elmasry72@hotmail.com,01256189726,1,1,12/9/2023,female,3/25/2022 0:00,41:05.8
460,Ibrahim Hassan,ibrahimhassan@gmail.com,01023838227,17,1,7/3/2023,male,4/2/2020 0:00,41:05.8
297,Mahmoud Farouk,mahmoudfarouk@hotmail.com,01244971668,10,1,4/27/2021,male,4/11/2025 0:00,41:05.8
413,Abeer Farouk,abeerfarouk@hotmail.com,01553412847,8,1,5/26/2022,female,3/16/2024 0:00,41:05.8
228,Aya El-Din,ayaeldin@outlook.com,01095044078,3,1,2/13/2023,female,2/20/2024 0:00,41:05.8
380,Hossam Saleh,hossamsaleh@hotmail.com,01270495821,6,1,7/25/2022,male,2/13/2021 0:00,41:05.8
474,Bassem Abdel-Rahman,bassem.abdelrahman56@yahoo.com,01593914843,11,1,7/21/2024,male,4/11/2024 0:00,41:05.8
60,Laila Ahmed,laila.ahmed@hotmail.com,01063782042,16,2,8/7/2020,female,9/13/2021 0:00,41:05.8
264,Noha Ahmed,noha.ahmed95@hotmail.com,01289398174,1,1,12/11/2023,female,8/5/2021 0:00,41:05.8
249,Sara Abdallah,saraabdallah@hotmail.com,01293579731,8,1,7/13/2025,female,3/11/2022 0:00,41:05.8
15,Mariam Mostafa,mariam.mostafa3@hotmail.com,01188979095,8,2,8/29/2020,female,7/26/2022 0:00,41:05.8
423,Noha Shaker,nohashaker@hotmail.com,01593642093,5,1,8/14/2022,female,3/28/2022 0:00,41:05.8
358,Sherine Fathy,sherine.fathy@outlook.com,01193646063,17,1,11/4/2023,female,1/31/2025 0:00,41:05.8
276,Nevine Gaber,nevine.gaber@outlook.com,01037776759,6,1,12/1/2020,female,4/23/2025 0:00,41:05.8
27,Rania Hassan,rania.hassan@outlook.com,01054769200,5,1,12/8/2022,female,10/23/2021 0:00,41:05.8
54,Fatma Fathy,fatma.fathy@yahoo.com,01244675473,11,1,2/5/2023,female,2/11/2020 0:00,41:05.8
394,Mona Rizk,mona.rizk@hotmail.com,01034482277,5,1,2/8/2025,female,1/28/2025 0:00,41:05.8
233,Nada Mohamed,nadamohamed@gmail.com,01027810664,8,1,12/27/2024,female,2/8/2020 0:00,41:05.8
472,Sherif Abdallah,sherif.abdallah@outlook.com,01250229795,10,1,11/15/2024,male,11/11/2023 0:00,41:05.8
446,Amira Mohamed,amira.mohamed32@gmail.com,01293183589,18,1,4/30/2022,female,7/19/2020 0:00,41:05.8
129,Ibrahim Saleh,ibrahimsaleh@yahoo.com,,17,1,10/4/2020,male,11/24/2025 0:00,41:05.8
223,Mostafa Mostafa,mostafa.mostafa59@yahoo.com,01583782999,17,1,4/12/2021,male,1/2/2023 0:00,41:05.8
108,Sara Naguib,sara.naguib@gmail.com,01520450542,11,1,7/14/2024,female,9/6/2024 0:00,41:05.8
469,Walid Ahmed,walidahmed@outlook.com,01189318677,14,1,11/18/2024,male,11/2/2023 0:00,41:05.8
187,Bassem El-Masry,bassem.elmasry@gmail.com,01074279671,8,1,4/17/2022,male,6/12/2024 0:00,41:05.8
331,Ashraf Soliman,ashrafsoliman@gmail.com,01227457234,6,1,11/10/2022,male,1/24/2020 0:00,41:05.8
365,Ashraf Mostafa,ashraf.mostafa@yahoo.com,01555424358,18,1,8/1/2020,male,10/20/2021 0:00,41:05.8
23,Karim Gaber,karim.gaber@hotmail.com,01242035886,9,1,5/13/2023,male,2/15/2025 0:00,41:05.8
344,Nada Abdallah,nada.abdallah@gmail.com,01187926229,16,1,1/2/2024,female,6/9/2021 0:00,41:05.8
82,Omar Mansour,omarmansour@hotmail.com,01271315464,10,1,4/24/2024,male,6/2/2025 0:00,41:05.8
91,Hana Mansour,hana.mansour@yahoo.com,01283076970,12,2,2/4/2023,female,2/16/2022 0:00,41:05.8
475,Samar Mahmoud,samar.mahmoud@outlook.com,01558357021,14,1,5/29/2021,female,7/4/2021 0:00,41:05.8
243,Mahmoud Mohamed,mahmoud.mohamed59@gmail.com,01051512209,6,1,7/16/2021,male,2/16/2020 0:00,41:05.8
458,Tarek Hassan,tarek.hassan57@gmail.com,01074781956,17,1,10/25/2023,male,6/3/2025 0:00,41:05.8
77,Karim Rizk,karimrizk@gmail.com,01293652460,13,1,9/7/2023,male,12/25/2025 0:00,41:05.8
58,Ashraf Fathy,ashraf.fathy@hotmail.com,01240532273,12,1,2/27/2020,male,12/27/2025 0:00,41:05.8
100,Ashraf Zaki,ashraf.zaki@yahoo.com,01299927658,4,1,9/28/2024,male,7/29/2020 0:00,41:05.8
28,Samar Tawfik,samar.tawfik@gmail.com,01183227889,2,1,8/29/2021,female,10/26/2024 0:00,41:05.8
142,Samy Tawfik,samy.tawfik47@yahoo.com,01126288992,7,1,8/27/2022,male,7/16/2025 0:00,41:05.8
107,Mona El-Masry,monaelmasry@outlook.com,01127339011,13,1,7/31/2022,female,8/11/2025 0:00,41:05.8
338,Ahmed Mansour,ahmed.mansour@gmail.com,01033889703,9,1,7/21/2022,male,11/25/2022 0:00,41:05.8
321,Wael Ahmed,waelahmed@outlook.com,01135171649,4,1,5/28/2024,male,6/2/2022 0:00,41:05.8
238,Hana Soliman,hanasoliman@yahoo.com,01296727439,2,1,9/7/2022,female,7/20/2025 0:00,41:05.8
482,Ibrahim Fathy,ibrahimfathy@gmail.com,01192650976,9,1,11/18/2022,male,2/28/2020 0:00,41:05.8
260,Hany Ahmed,hany.ahmed@outlook.com,01196876236,10,1,5/16/2025,male,9/6/2020 0:00,41:05.8
277,Ibrahim Naguib,ibrahim.naguib12@hotmail.com,01534814337,12,1,2/22/2024,male,2/3/2022 0:00,41:05.8
186,Walid Zaki,walidzaki@gmail.com,01019768947,7,1,6/7/2022,male,5/17/2025 0:00,41:05.8
500,Fatma Hassan,fatma.hassan@hotmail.com,01525862805,7,1,11/12/2025,female,2/20/2025 0:00,41:05.8
49,Adel Ali,adel.ali@outlook.com,01172415804,9,1,11/18/2021,male,4/14/2021 0:00,41:05.8
272,Dalia Naguib,dalianaguib@outlook.com,01131831387,15,2,5/16/2020,female,4/22/2023 0:00,41:05.8
61,Fadi El-Din,fadi.eldin@gmail.com,01591378577,8,1,4/7/2024,male,1/19/2025 0:00,41:05.8
99,Khaled Saleh,khaled.saleh@hotmail.com,01519010480,3,1,1/16/2021,male,11/3/2024 0:00,41:05.8
121,Hassan Ahmed,hassanahmed@yahoo.com,01065144509,12,1,8/30/2022,male,12/24/2024 0:00,41:05.8
286,Jana Saleh,janasaleh@gmail.com,01164649480,16,1,3/11/2024,female,8/18/2020 0:00,41:05.8
3,Laila Khalil,laila.khalil@hotmail.com,01522981052,12,1,12/19/2022,female,6/26/2020 0:00,41:05.8
215,Ibrahim Hassan,ibrahimhassan@gmail.com,01032059232,8,1,10/17/2021,male,9/17/2023 0:00,41:05.8
179,Ashraf Mostafa,ashrafmostafa@gmail.com,01581394920,13,1,10/10/2022,male,3/1/2025 0:00,41:05.8
155,Hussein Shaker,hussein.shaker@gmail.com,01154699966,16,1,9/2/2021,male,10/12/2025 0:00,41:05.8
322,Nevine Mahmoud,nevinemahmoud@gmail.com,01094992096,4,1,1/19/2025,female,2/16/2025 0:00,41:05.8
348,Jana Rizk,jana.rizk3@gmail.com,01088100019,13,1,5/21/2022,female,5/30/2020 0:00,41:05.8
426,Farida Zaki,farida.zaki49@gmail.com,01044286770,6,2,4/2/2022,female,1/16/2023 0:00,41:05.8
256,Samy Mostafa,samy.mostafa@outlook.com,01244918995,6,2,7/14/2024,male,1/26/2025 0:00,41:05.8
368,Fatma Mahmoud,fatma.mahmoud@hotmail.com,01192569402,6,1,1/13/2024,female,9/6/2022 0:00,41:05.8
93,Ziad Abdallah,ziadabdallah@yahoo.com,01189991301,1,1,8/15/2021,male,6/16/2021 0:00,41:05.8
306,Salma Ibrahim,salma.ibrahim@outlook.com,01194598956,1,1,2/17/2021,female,11/1/2025 0:00,41:05.8
20,Bassem Naguib,bassem.naguib@yahoo.com,01545594951,15,1,6/16/2025,male,9/26/2021 0:00,41:05.8
409,Nour Farouk,nour.farouk@gmail.com,01520731620,15,1,9/5/2020,female,1/18/2024 0:00,41:05.8
484,Fadi Soliman,fadi.soliman@hotmail.com,01176565050,14,1,9/1/2022,male,12/7/2024 0:00,41:05.8
90,Mai Zaki,mai.zaki@outlook.com,01592631441,14,1,2/19/2023,female,5/14/2020 0:00,41:05.8
123,Malak Naguib,malak.naguib@outlook.com,01143554863,2,1,2/29/2024,female,2/24/2021 0:00,41:05.8
211,Samar Hassan,samar.hassan90@hotmail.com,01024679315,8,1,12/25/2023,female,11/12/2021 0:00,41:05.8
231,Hazem Mansour,,01510090721,14,1,6/24/2021,male,5/21/2023 0:00,41:05.8
268,Nada El-Masry,nada.elmasry29@hotmail.com,01160785855,10,1,4/21/2023,female,6/5/2021 0:00,41:05.8
139,Malak Mohamed,malakmohamed@hotmail.com,01243502308,4,2,2/1/2022,female,8/6/2025 0:00,41:05.8
328,Aya Hassan,aya.hassan27@hotmail.com,01058141541,15,1,7/7/2022,female,5/11/2024 0:00,41:05.8
74,Nevine El-Din,nevineeldin@outlook.com,01556321751,11,1,3/25/2024,female,2/8/2025 0:00,41:05.8
106,Eman Gaber,eman.gaber51@yahoo.com,01011031743,7,1,5/15/2022,female,7/16/2021 0:00,41:05.8
65,Nevine Ali,nevine.ali40@yahoo.com,01268942178,4,1,5/30/2023,female,7/6/2024 0:00,41:05.8
355,Hassan Ahmed,hassan.ahmed@gmail.com,01554322017,4,1,5/15/2025,male,5/16/2025 0:00,41:05.8
244,Hossam Farouk,hossamfarouk@hotmail.com,01146072958,4,1,4/30/2020,male,10/4/2023 0:00,41:05.8
396,Aya Tawfik,aya.tawfik@gmail.com,01111976335,16,1,9/17/2024,female,6/30/2023 0:00,41:05.8
490,Noha Mostafa,noha.mostafa@hotmail.com,01093134088,3,2,6/7/2022,female,5/13/2021 0:00,41:05.8
356,Essam Ahmed,essam.ahmed@outlook.com,01027164449,6,1,9/30/2025,male,6/9/2020 0:00,41:05.8
214,Tarek Abdel-Rahman,tarekabdelrahman@yahoo.com,01273909453,4,1,1/27/2025,male,7/30/2023 0:00,41:05.8
146,Sherine Mohamed,sherine.mohamed17@hotmail.com,01292467167,18,2,11/21/2021,female,9/23/2021 0:00,41:05.8
448,Ramy Abdel-Rahman,ramy.abdelrahman59@yahoo.com,01214810369,3,1,8/15/2023,male,2/18/2024 0:00,41:05.8
334,Ramy El-Masry,ramy.elmasry28@hotmail.com,01585341065,1,1,11/18/2023,male,12/30/2024 0:00,41:05.8
362,Farida Abdallah,farida.abdallah1@yahoo.com,01087576121,17,1,1/30/2020,female,3/16/2024 0:00,41:05.8
46,Ziad Mansour,ziad.mansour51@gmail.com,01021267237,14,1,3/6/2025,male,1/14/2022 0:00,41:05.8
92,Bassem Mansour,bassem.mansour83@yahoo.com,01016788532,11,1,5/30/2021,male,4/20/2022 0:00,41:05.8
478,Heba Abdallah,heba.abdallah5@gmail.com,01559469782,4,1,11/23/2020,female,8/4/2021 0:00,41:05.8
4,Samar Ibrahim,samar.ibrahim11@outlook.com,01294374605,12,1,10/11/2020,female,7/6/2020 0:00,41:05.8
42,Nada Mostafa,nadamostafa@gmail.com,01146468984,11,1,11/26/2020,female,7/20/2021 0:00,41:05.8
250,Ali El-Sayed,ali.elsayed30@gmail.com,01295354668,1,1,1/6/2020,male,3/21/2024 0:00,41:05.8
9,Sara Hassan,sara.hassan@yahoo.com,01590048665,3,1,4/1/2025,female,12/7/2025 0:00,41:05.8
81,Abeer El-Din,abeereldin@outlook.com,01544269370,1,1,3/20/2025,female,3/24/2023 0:00,41:05.8
399,Jana Ibrahim,janaibrahim@yahoo.com,01253360807,6,1,6/21/2020,female,11/3/2025 0:00,41:05.8
193,Ahmed Mahmoud,ahmed.mahmoud8@hotmail.com,01598487646,16,2,12/19/2025,male,8/11/2024 0:00,41:05.8
314,Bassem Gaber,bassemgaber@yahoo.com,01065201639,15,2,12/7/2022,male,7/11/2023 0:00,41:05.8
492,Malak Saleh,malak.saleh@hotmail.com,01047216895,2,1,9/24/2023,female,9/3/2020 0:00,41:05.8
406,Nabil Rizk,nabil.rizk3@yahoo.com,01293241474,8,1,9/16/2020,male,5/6/2024 0:00,41:05.8
52,Fatma Saleh,fatmasaleh@gmail.com,01530534124,14,1,11/7/2025,female,1/11/2023 0:00,41:05.8
69,Sherif Mohamed,sherifmohamed@hotmail.com,01098269682,18,1,8/10/2020,male,2/7/2022 0:00,41:05.8
21,Ibrahim Mahmoud,ibrahimmahmoud@gmail.com,01016729990,16,1,12/15/2025,male,10/6/2021 0:00,41:05.8
298,Bassem Rizk,bassem.rizk@gmail.com,01061226775,17,1,8/9/2020,male,9/9/2021 0:00,41:05.8
498,Walid Hassan,walid.hassan39@yahoo.com,01524330160,12,1,11/28/2024,male,2/15/2022 0:00,41:05.8
225,Noha Mohamed,noha.mohamed@gmail.com,01291907952,14,1,7/24/2021,female,4/26/2022 0:00,41:05.8
85,Ibrahim Mansour,ibrahimmansour@yahoo.com,02053851498,6,1,2/7/2024,male,12/14/2025 0:00,41:05.8
284,Mostafa Naguib,mostafanaguib@outlook.com,01241887353,2,1,1/5/2023,male,3/5/2024 0:00,41:05.8
190,Mostafa Abdallah,mostafa.abdallah@outlook.com,01154273769,8,1,10/3/2022,male,8/7/2025 0:00,41:05.8
357,Mohamed Ahmed,mohamedahmed@yahoo.com,01098817918,10,1,6/6/2022,male,1/13/2025 0:00,41:05.8
87,Sherine Abdallah,sherineabdallah@outlook.com,01071040347,12,1,12/9/2022,female,4/9/2024 0:00,41:05.8
213,Sherif Farouk,sherif.farouk@yahoo.com,01524032377,10,1,12/17/2020,male,4/20/2021 0:00,41:05.8
388,Nabil Naguib,nabilnaguib@gmail.com,01121316066,13,1,10/10/2022,male,3/9/2023 0:00,41:05.8
380,Hossam Saleh,hossamsaleh@hotmail.com,01270495821,6,1,7/25/2022,male,2/13/2021 0:00,41:05.8
141,Ali Mohamed,ali.mohamed12@outlook.com,01299635939,12,1,4/4/2023,male,5/13/2023 0:00,41:05.8
459,Malak El-Masry,malak.elmasry67@gmail.com,01137539747,2,1,11/9/2025,female,4/19/2021 0:00,41:05.8
470,Hassan Gaber,hassan.gaber15@outlook.com,01553671508,18,2,12/28/2024,male,12/22/2021 0:00,41:05.8
172,Amr Gaber,amr.gaber@hotmail.com,01259330907,8,1,7/1/2021,male,5/12/2025 0:00,41:05.8
493,Nevine Khalil,nevine.khalil@gmail.com,01533950102,16,1,11/1/2024,female,6/13/2022 0:00,41:05.8
304,Fatma Mostafa,fatma.mostafa28@yahoo.com,01089147232,17,1,2/10/2024,female,6/2/2020 0:00,41:05.8
499,Mohamed Mahmoud,,01518454727,18,1,8/8/2025,male,12/27/2025 0:00,41:05.8
392,Dalia Abdallah,dalia.abdallah@outlook.com,01549315407,,1,1/30/2020,female,3/10/2024 0:00,41:05.8
110,Eman Mohamed,emanmohamed@hotmail.com,01154703713,6,2,4/12/2021,female,12/13/2025 0:00,41:05.8
487,Abeer Mansour,abeer.mansour68@hotmail.com,01023068017,18,1,11/3/2024,female,1/21/2023 0:00,41:05.8
429,Mahmoud Soliman,mahmoud.soliman51@outlook.com,01112465878,12,1,12/26/2023,male,5/23/2023 0:00,41:05.8
165,Mariam Gaber,mariam.gaber@gmail.com,01597629787,16,1,3/27/2022,female,3/22/2023 0:00,41:05.8
71,Hazem Shaker,hazem.shaker40@yahoo.com,01084121929,14,2,4/9/2021,male,3/5/2025 0:00,41:05.8
280,Ayman El-Din,aymaneldin@yahoo.com,01132436477,7,1,5/31/2021,male,6/23/2020 0:00,41:05.8
295,Salma Zaki,@nodomain.com,01181757508,16,1,1/8/2024,female,9/8/2025 0:00,41:05.8
351,Noha Hassan,noha.hassan@outlook.com,01259584751,8,2,4/26/2022,female,10/22/2025 0:00,41:05.8
62,Mona El-Din,mona.eldin73@hotmail.com,01091823275,4,1,5/1/2022,female,5/14/2022 0:00,41:05.8
167,Hany Hassan,hany.hassan@outlook.com,01215028625,1,1,3/15/2021,male,10/4/2023 0:00,41:05.8
206,Dalia Mohamed,dalia.mohamed93@yahoo.com,01589699345,7,1,7/8/2021,female,6/1/2023 0:00,41:05.8
348,Jana Rizk,jana.rizk3@gmail.com,01088100019,13,1,5/21/2022,female,5/30/2020 0:00,41:05.8
378,Salma Gaber,salma.gaber16@outlook.com,01552365995,1,2,5/13/2022,female,4/3/2024 0:00,41:05.8
482,Ibrahim Fathy,ibrahimfathy@gmail.com,01192650976,9,1,11/18/2022,male,2/28/2020 0:00,41:05.8
416,Sherif Farouk,sherif.farouk47@hotmail.com,01141271945,9,1,1/11/2021,male,6/25/2024 0:00,41:05.8
173,Sherif Zaki,sherif.zaki54@hotmail.com,01582144402,7,1,12/1/2020,male,11/22/2025 0:00,41:05.8
219,Sherine Mansour,sherine.mansour79@hotmail.com,01027978165,11,1,6/4/2023,female,4/24/2021 0:00,41:05.8
104,Yasmin Farouk,yasmin.farouk73@hotmail.com,01017061037,5,1,7/22/2020,female,11/30/2020 0:00,41:05.8
412,Reem Mansour,reem.mansour@outlook.com,01183815115,13,1,10/9/2021,female,12/26/2025 0:00,41:05.8
480,Samar El-Sayed,samar.elsayed74@outlook.com,01266507825,12,1,4/21/2023,female,3/30/2023 0:00,41:05.8
113,Nada Abdel-Rahman,nada.abdelrahman46@gmail.com,01051662236,15,1,8/21/2020,female,2/19/2024 0:00,41:05.8
316,Ahmed Rizk,ahmed.rizk@outlook.com,01075987872,11,1,2/13/2023,male,7/25/2020 0:00,41:05.8
410,Nevine Farouk,nevinefarouk@gmail.com,01019447334,10,2,6/3/2022,female,10/28/2025 0:00,41:05.8
305,Nagla Rizk,nagla.rizk@gmail.com,01097720360,1,2,4/19/2021,female,9/3/2024 0:00,41:05.8
255,Mona Mansour,mona.mansour@gmail.com,01290973889,2,1,9/4/2023,female,8/30/2021 0:00,41:05.8
59,Mostafa Hassan,mostafa.hassan@hotmail.com,01523769080,1,1,4/6/2025,male,5/14/2025 0:00,41:05.8
55,Omar Mostafa,omar.mostafa@outlook.com,01596691619,16,1,3/11/2020,male,1/16/2021 0:00,41:05.8
479,Amira Soliman,amirasoliman@gmail.com,01095052118,18,1,7/3/2023,female,8/4/2020 0:00,41:05.8
419,Eman Hassan,eman.hassan42@yahoo.com,01130561818,2,1,5/28/2024,female,12/30/2024 0:00,41:05.8
33,Wael Khalil,wael.khalil@hotmail.com,01556397338,11,1,9/25/2025,male,4/18/2021 0:00,41:05.8
303,Jana Soliman,jana.soliman56@hotmail.com,01156000822,16,1,2/10/2022,female,11/6/2021 0:00,41:05.8
428,Dina Naguib,dinanaguib@gmail.com,01035020518,7,1,2/18/2025,female,3/29/2020 0:00,41:05.8
88,Mariam Gaber,mariam.gaber80@gmail.com,01291883846,8,1,3/16/2025,female,5/22/2023 0:00,41:05.8
313,Samy Zaki,samyzaki@yahoo.com,01586362294,15,1,4/4/2024,male,1/8/2024 0:00,41:05.8
234,Samy El-Masry,samy.elmasry@outlook.com,01519506414,8,1,2/23/2021,male,2/26/2021 0:00,41:05.8
50,Ibrahim Ibrahim,ibrahim.ibrahim74@hotmail.com,01563238057,7,2,9/21/2022,male,2/21/2021 0:00,41:05.8
407,Ayman Gaber,aymangaber@yahoo.com,01265003032,11,1,11/13/2025,male,9/30/2020 0:00,41:05.8
421,Sara Naguib,sara.naguib@yahoo.com,01585067462,7,1,3/14/2022,female,11/17/2025 0:00,41:05.8
158,Nada El-Din,nadaeldin@gmail.com,01180361272,13,1,9/19/2022,female,5/9/2020 0:00,41:05.8
464,Nour Mohamed,nour.mohamed91@yahoo.com,01592720444,12,1,3/22/2022,female,12/25/2025 0:00,41:05.8
26,Mariam Ibrahim,mariamibrahim@yahoo.com,01156020613,7,1,12/17/2022,female,9/1/2025 0:00,41:05.8
324,Amr Gaber,amrgaber@hotmail.com,01591737749,8,1,11/5/2023,male,4/19/2023 0:00,41:05.8
89,,mariam.ali@hotmail.com,01041514326,18,1,2/1/2025,female,2/28/2024 0:00,41:05.8
8,Aya Khalil,aya.khalil96@hotmail.com,01588320463,13,1,7/20/2021,female,9/18/2025 0:00,41:05.8
67,Mai Hassan,mai.hassan61@yahoo.com,01547333543,6,1,11/20/2024,female,7/7/2025 0:00,41:05.8
333,Eman Mostafa,eman.mostafa@gmail.com,01582890984,18,1,12/2/2023,female,6/25/2022 0:00,41:05.8
360,Omar Fathy,omar.fathy87@gmail.com,01580067590,14,1,6/26/2020,male,12/10/2025 0:00,41:05.8
125,Abeer El-Sayed,abeerelsayed@outlook.com,01161830338,3,1,4/25/2020,female,7/29/2023 0:00,41:05.8
24,,abeer.mohamed@gmail.com,01227778019,12,1,9/27/2022,female,2/22/2024 0:00,41:05.8
317,Walid Rizk,walidrizk@yahoo.com,01586911446,15,2,8/3/2025,male,1/5/2025 0:00,41:05.8
471,Salma Mohamed,salmamohamed@outlook.com,01022151134,7,1,1/1/2020,female,8/23/2021 0:00,41:05.8
465,Hany Mansour,hanymansour@gmail.com,01071147472,10,1,3/21/2025,male,4/11/2025 0:00,41:05.8
242,Ibrahim Mohamed,ibrahim.mohamed20@yahoo.com,01262443094,3,1,11/26/2024,male,9/4/2022 0:00,41:05.8
10,Samar El-Sayed,samar.elsayed88@gmail.com,01296028436,11,1,11/15/2024,female,10/9/2021 0:00,41:05.8
335,Wael Rizk,wael.rizk6@yahoo.com,01261186964,4,1,3/4/2023,male,4/11/2020 0:00,41:05.8
251,Mariam Mahmoud,mariammahmoud@yahoo.com,01029109045,9,2,8/6/2022,female,10/29/2025 0:00,41:05.8
73,Amr Mahmoud,amrmahmoud@yahoo.com,01555617282,17,1,1/11/2020,male,3/4/2023 0:00,41:05.8
377,Yasmin Soliman,yasmin.soliman97@yahoo.com,01117267644,17,1,5/13/2025,female,5/13/2020 0:00,41:05.8
19,Dina Mohamed,dina.mohamed7@gmail.com,01022517517,8,1,6/12/2025,female,5/25/2025 0:00,41:05.8
37,Hana Saleh,hanasaleh@hotmail.com,01538682516,17,1,11/26/2021,female,12/13/2020 0:00,41:05.8
